round,accuracy,loss
0,0.375,0.044105745469912506
1,0.6634615384615384,0.04092996063618324
2,0.7884615384615384,0.03672402990886416
3,0.8012820512820513,0.03603467548218293
4,0.8653846153846154,0.024508217233233154
5,0.8317307692307693,0.03403610122413971
6,0.7564102564102564,0.05053184755767385
7,0.8012820512820513,0.03653832089203673
8,0.8173076923076923,0.03522861049247858
9,0.8205128205128205,0.03836975921279727
10,0.8253205128205128,0.03669476497154205
